,First Name [Required],Last Name [Required],Email Address [Required]
,Alice,,alice3@emumbaPK.onmicrosoft.com
,Bob,,bob3@emumbaPK.onmicrosoft.com
,Bruce,Martin,product3@emumbaPK.onmicrosoft.com
,Charles,,charles3@emumbaPK.onmicrosoft.com
,David,,david3@emumbaPK.onmicrosoft.com
,Edward,,edward3@emumbaPK.onmicrosoft.com
,Gavin,Lee,Gavin.Lee3@emumbaPK.onmicrosoft.com
,sameer,kh,sameerkh33@emumbaPK.onmicrosoft.com
,zack,,zack3@emumbaPK.onmicrosoft.com
